employees,trial_users,pricing_page_visits,daily_active_users,invited_teammates,webinar_attended,support_tickets,days_since_signup,converted
27,34,26,9,11,0,6,146,0
874,1,42,3,1,0,6,265,0
100,0,66,2,7,0,4,149,0
10,19,28,24,12,0,3,84,0
7,40,23,4,12,0,3,318,0
5,13,68,10,1,1,3,313,0
70,43,57,23,0,0,0,341,0
857,17,15,19,8,1,6,267,0
443,13,38,4,2,0,2,37,0
14,32,57,33,8,0,4,27,1
23,8,6,9,10,1,1,147,0
77,26,54,17,13,0,1,291,1
37,8,0,4,4,0,5,74,0
220,2,67,7,5,0,0,310,0
4,7,43,12,1,0,1,154,0
6,10,68,0,3,0,6,200,0
33,37,64,14,14,0,3,312,1
5,14,19,3,14,0,6,247,0
932,44,37,7,6,0,5,340,1
274,36,45,25,12,0,4,3,1
934,7,2,4,5,0,2,347,0
467,15,48,15,8,0,3,128,0
7,4,30,0,12,0,2,133,0
66,34,70,19,7,0,7,207,1
3,6,25,11,7,0,7,286,0
221,24,42,10,14,0,3,245,0
5,10,14,4,4,0,4,18,0
1121,43,40,22,3,0,3,80,1
4,38,69,12,3,0,2,140,1
4,43,11,15,11,1,1,126,0
29,18,18,6,0,0,5,203,0
681,18,55,19,14,0,1,61,1
139,22,66,17,11,0,7,78,1
18,1,13,6,3,0,4,35,0
19,41,32,10,0,0,7,349,0
87,5,47,3,7,1,2,249,0
556,15,39,20,10,0,1,321,0
943,33,49,8,5,0,2,365,0
93,11,32,7,1,0,4,345,0
444,7,19,3,11,0,4,268,0
5,21,54,15,13,1,5,230,1
53,18,0,1,2,0,7,301,0
11,22,15,17,9,0,0,11,0
270,31,5,30,4,1,6,31,1
176,7,11,10,8,0,1,263,0
3,20,59,18,4,1,0,145,1
102,12,8,9,11,0,4,66,0
402,24,20,11,2,0,5,70,0
31,23,33,0,10,0,1,330,0
41,36,22,14,8,0,7,40,0
7,0,12,0,5,0,3,62,0
540,41,48,11,11,0,2,353,1
291,22,63,24,9,1,3,275,1
75,2,62,5,3,1,7,344,0
6,45,69,23,13,0,6,88,1
585,20,19,7,1,1,4,40,0
19,11,31,5,9,1,4,312,0
526,1,67,0,8,1,6,104,0
63,31,14,20,5,0,7,108,0
215,24,4,2,3,1,7,246,0
54,41,32,7,11,1,0,321,1
66,38,36,21,11,0,1,350,0
56,29,31,20,10,0,0,123,0
9,37,33,33,10,0,3,203,1
126,20,47,3,3,0,4,133,0
273,29,18,16,12,1,2,191,1
35,31,21,10,9,1,0,14,0
182,21,5,12,5,0,4,279,0
611,6,52,6,14,1,5,166,0
169,18,69,11,5,0,0,278,0
125,6,4,6,9,1,4,223,0
694,20,30,7,10,0,7,101,0
627,41,1,34,9,1,6,233,0
183,5,14,7,5,0,7,295,0
162,41,16,1,2,0,4,262,0
37,26,69,20,2,0,2,264,0
13,19,32,2,4,1,3,121,0
40,13,48,14,10,0,2,180,0
886,10,63,12,1,0,2,363,0
7,6,46,7,12,1,0,279,1
75,33,7,34,0,1,1,63,0
1168,22,15,8,13,0,6,348,0
55,36,43,22,5,0,5,61,1
826,25,34,18,9,1,6,338,0
271,33,7,0,2,0,1,218,0
15,37,23,12,5,0,5,232,0
26,45,4,21,6,0,1,160,0
115,40,69,22,2,1,7,257,1
473,37,44,0,2,0,5,43,0
69,35,43,16,10,0,6,44,1
7,5,68,3,7,1,1,217,0
34,4,47,9,12,0,1,232,1
26,1,65,0,10,0,0,260,0
83,36,0,14,6,0,2,251,0
26,26,46,10,2,1,6,78,0
17,32,41,10,6,0,3,66,1
305,21,58,13,12,0,1,171,0
67,17,63,19,0,1,7,29,0
301,30,22,18,6,0,6,49,0
248,10,40,7,8,1,0,172,0
18,27,30,32,1,0,1,59,0
42,1,18,6,14,0,2,223,0
36,4,69,2,10,0,1,165,0
144,30,58,33,9,0,4,273,1
1017,30,56,32,14,0,1,322,0
6,20,40,25,5,0,2,46,1
6,39,55,7,3,0,0,145,0
1011,16,50,16,4,0,3,164,0
3,44,40,12,13,0,4,224,0
18,45,41,6,4,0,3,90,0
194,37,52,8,10,1,2,262,1
11,23,42,13,4,0,1,144,0
15,29,49,6,7,0,7,140,1
23,37,45,3,11,0,3,255,0
12,36,9,9,8,1,2,316,0
280,5,66,1,11,0,5,335,0
36,31,20,21,6,0,4,78,0
32,20,13,5,10,0,5,279,0
34,35,57,25,8,0,7,3,1
1176,4,23,5,7,0,0,262,0
869,42,45,25,0,0,0,286,1
23,44,22,8,10,1,0,131,1
5,2,18,1,14,0,3,83,0
6,34,51,10,10,1,1,138,1
14,8,61,8,5,0,0,315,0
10,15,20,6,9,0,0,294,0
4,5,35,2,5,0,2,165,0
651,28,52,19,14,1,5,44,1
9,0,37,2,8,0,3,124,0
681,19,37,0,5,0,6,262,0
203,14,67,15,10,1,7,322,0
1081,42,10,20,14,0,2,43,1
310,19,63,18,3,0,5,175,0
15,4,43,5,4,0,4,104,0
25,31,61,21,11,0,0,344,1
101,14,6,9,6,0,2,88,0
96,26,15,24,10,1,0,26,1
7,20,21,5,9,0,5,23,0
126,32,29,29,1,0,7,79,0
537,45,25,1,5,0,4,192,0
78,41,30,35,2,0,2,338,0
27,29,36,3,5,0,4,320,0
298,11,24,4,13,1,6,193,0
10,18,31,10,8,0,5,290,0
69,33,0,25,2,0,6,294,0
44,28,13,6,8,0,6,63,0
100,21,62,22,7,0,1,14,1
436,21,59,4,10,0,1,224,0
32,35,68,20,13,1,0,273,1
122,42,58,32,8,0,3,95,1
6,21,64,2,6,0,4,257,0
780,42,61,19,13,0,2,324,1
30,39,59,5,2,0,4,75,0
3,42,9,35,7,0,0,301,0
45,9,21,10,12,1,0,170,0
83,41,5,0,1,1,5,338,0
20,6,45,6,13,0,7,352,0
51,4,21,4,7,1,0,344,0
11,34,23,33,3,0,4,22,0
52,2,40,2,8,0,4,164,0
4,32,63,9,9,0,5,223,0
13,14,64,5,10,1,4,29,1
259,40,46,21,12,0,5,310,1
169,32,12,32,3,1,3,267,0
5,34,9,9,14,0,3,59,0
5,9,62,8,6,0,4,330,0
253,14,28,6,4,1,0,125,0
168,10,18,11,4,0,5,110,0
4,32,68,6,8,0,2,118,0
45,12,42,3,8,0,1,272,0
63,1,36,4,12,0,6,360,0
13,32,27,20,14,0,0,349,1
76,2,65,1,1,0,4,321,0
134,5,34,6,12,0,6,77,0
1126,30,7,0,6,0,2,220,0
323,17,44,3,3,0,6,334,0
737,18,14,1,7,0,6,107,0
29,15,9,10,12,0,1,146,0
629,43,10,2,14,0,1,88,0
138,13,50,6,12,0,6,234,0
23,24,65,25,13,0,3,203,1
15,4,14,9,1,0,1,276,0
131,22,17,14,9,1,7,341,0
156,36,2,8,3,0,0,186,0
12,31,27,4,0,0,0,54,0
58,14,67,10,0,0,2,205,0
110,35,21,25,11,0,0,83,1
58,6,36,5,6,0,3,96,0
130,32,65,25,12,0,1,311,1
171,22,60,0,12,1,0,32,1
26,6,0,2,12,0,2,175,0
5,7,13,0,0,1,2,288,0
349,16,26,7,2,0,5,210,0
260,31,45,23,12,1,6,76,1
1135,21,12,11,2,0,6,116,0
37,18,41,4,11,0,6,55,0
547,37,28,20,0,0,2,89,0
169,8,55,0,7,0,6,215,0
24,35,45,14,2,1,3,186,0
16,32,52,30,8,0,2,9,0
22,36,3,10,3,1,3,156,0
89,20,30,11,11,0,6,323,1
3,38,62,28,4,0,3,38,1
27,38,46,23,2,1,6,239,1
1186,31,53,2,13,0,7,245,0
31,10,61,12,9,0,0,305,0
121,41,57,19,7,1,7,255,1
23,22,24,3,7,0,4,365,0
749,28,50,12,9,1,6,175,1
9,41,28,4,6,0,0,76,0
83,31,3,27,11,0,3,137,0
49,0,3,3,9,1,2,135,0
51,26,29,0,11,0,0,92,0
14,11,27,3,13,0,5,279,0
46,27,11,19,7,1,4,1,1
111,44,60,30,9,0,5,139,1
3,19,4,17,0,0,1,15,0
333,25,6,13,3,1,6,184,0
4,15,14,13,5,0,7,355,0
5,26,43,0,6,0,1,231,0
5,19,70,19,0,0,6,89,0
6,34,56,8,5,0,3,243,0
333,35,8,33,1,0,2,269,0
5,44,45,14,7,0,5,268,0
284,23,30,24,10,0,2,159,0
79,21,4,9,4,0,2,13,0
109,32,70,29,0,0,5,225,1
222,3,21,1,13,1,5,357,0
11,29,22,4,5,0,5,229,0
4,45,62,27,5,1,5,327,1
11,13,0,18,9,1,6,89,0
39,5,16,10,4,0,7,104,0
9,39,21,33,8,0,2,41,1
546,16,41,9,11,0,2,333,0
4,27,64,1,3,1,5,179,0
3,13,59,9,10,0,0,155,0
228,11,35,14,10,0,4,253,0
27,15,44,1,11,0,4,356,0
35,6,51,4,1,0,4,259,0
174,7,0,3,14,0,7,172,0
295,28,55,13,8,1,6,119,1
86,5,9,1,1,0,1,153,0
112,36,40,13,14,1,4,154,1
3,8,50,7,14,0,0,353,0
13,25,65,0,3,1,4,315,0
3,15,19,3,2,0,0,229,0
1192,22,26,14,1,0,1,55,0
8,15,16,9,0,0,4,120,0
14,31,61,1,0,0,6,312,0
4,43,32,18,11,0,5,251,0
173,32,67,1,0,0,7,25,0
415,33,52,9,7,0,6,98,0
98,27,35,31,10,0,4,309,1
1109,16,37,8,3,0,5,247,0
21,14,4,17,14,0,0,207,0
11,34,38,12,4,0,3,191,1
39,24,4,2,5,0,1,67,0
23,34,24,0,9,1,2,110,1
7,8,21,9,7,0,4,165,0
34,25,11,2,12,1,1,340,0
966,13,65,0,8,0,6,2,0
11,26,15,0,2,0,7,353,0
39,5,3,7,7,1,3,234,0
104,4,31,0,9,0,0,213,0
448,0,6,0,3,0,0,200,0
80,34,22,20,5,0,7,246,0
112,35,11,5,1,0,1,156,0
807,4,60,2,1,0,1,344,0
556,45,9,10,13,0,7,121,0
804,4,28,2,12,0,2,297,0
52,42,43,31,4,1,1,266,1
4,26,9,20,6,0,7,119,0
90,38,65,2,12,0,1,118,1
50,5,57,9,11,0,2,124,0
8,12,7,12,4,0,6,326,0
26,45,0,19,1,0,0,360,0
12,3,6,2,8,1,3,254,0
34,44,41,29,4,1,5,44,1
33,0,22,5,13,0,2,234,0
71,3,40,1,4,0,3,92,0
271,37,49,19,0,0,5,68,0
418,24,29,26,0,0,5,79,0
446,14,2,8,14,1,5,45,0
29,26,26,11,4,0,5,158,0
8,41,66,24,1,1,0,50,1
449,1,8,5,10,0,5,10,0
15,3,16,6,6,0,3,271,0
628,4,36,5,4,1,5,151,0
24,21,47,26,3,0,3,26,0
11,7,54,3,9,1,5,77,0
21,35,64,28,10,0,7,362,1
27,44,63,35,9,0,1,44,1
162,33,19,1,1,1,0,88,0
424,44,2,14,13,0,2,137,1
15,18,59,23,3,0,0,331,1
534,3,43,4,0,0,3,275,0
26,37,36,34,8,1,0,219,1
17,40,4,5,0,0,1,321,0
78,16,9,16,14,1,6,276,0
257,3,53,1,2,0,4,216,0
36,3,46,6,8,0,4,40,0
358,43,68,17,14,0,4,338,1
4,17,36,6,10,1,3,351,0
52,16,4,17,11,0,2,85,0
7,16,10,20,0,0,3,115,0
9,44,6,29,2,1,6,146,0
82,17,58,19,1,0,4,311,0
52,1,49,0,6,0,5,286,0
11,24,35,25,14,0,7,113,0
11,41,25,15,10,0,3,152,1
34,9,35,4,2,0,0,187,0
232,1,10,4,8,0,1,321,0
42,17,62,8,2,0,2,347,0
36,26,18,26,9,0,5,19,0
18,27,22,5,4,0,5,295,0
179,19,40,18,10,0,3,42,0
155,29,2,15,7,1,6,38,0
99,2,31,2,7,0,6,316,0
25,21,36,16,0,0,2,64,0
1126,20,44,9,2,0,5,258,0
101,41,52,30,0,0,2,285,1
15,45,18,30,2,0,0,139,1
517,25,30,24,2,0,1,144,0
5,12,31,1,10,1,7,219,0
177,25,28,18,11,0,3,38,0
60,15,29,20,4,1,1,48,0
157,30,14,7,11,0,2,296,0
358,4,22,8,13,0,1,46,0
131,36,17,19,11,1,5,91,0
12,4,7,7,6,1,1,315,0
87,23,20,7,11,1,4,165,0
3,37,34,3,1,1,2,332,0
28,18,70,16,3,0,0,311,0
143,32,62,4,14,0,1,246,1
917,11,16,11,13,0,1,173,0
296,24,14,25,12,0,6,338,0
49,2,52,0,13,1,5,280,0
76,26,17,8,7,0,6,231,0
5,22,34,16,2,0,7,161,0
153,33,52,8,3,1,5,258,0
57,39,26,6,8,0,1,73,0
4,41,16,26,12,1,5,164,1
200,7,49,2,6,0,4,62,0
8,10,52,11,12,0,0,60,0
80,2,34,1,13,0,2,55,0
233,0,70,5,11,0,5,205,0
5,20,50,1,2,0,0,173,0
7,4,43,6,12,0,7,97,0
16,19,53,13,9,0,7,141,0
1043,30,44,25,10,0,0,355,1
772,7,17,10,3,0,4,216,0
12,30,47,23,14,0,7,100,0
24,32,20,19,11,0,0,354,1
174,36,32,21,10,0,1,62,1
4,43,33,18,0,0,4,301,0
198,39,45,25,6,0,4,237,1
313,32,10,21,5,0,0,55,0
7,21,54,18,5,0,2,160,1
178,10,64,12,14,0,5,276,0
142,0,38,3,3,0,5,32,0
25,34,43,30,2,0,5,68,0
7,26,48,6,4,0,0,308,0
148,17,45,3,11,0,1,199,0
26,3,1,2,5,0,6,51,0
299,18,32,12,7,0,0,53,0
5,6,18,0,3,0,3,250,0
94,9,32,10,13,0,7,16,0
12,27,61,25,8,1,0,327,1
780,44,65,11,6,0,3,58,1
117,41,37,26,13,0,0,33,1
115,6,19,2,11,0,0,306,0
6,28,70,19,4,0,7,265,1
16,4,65,5,11,0,0,11,0
28,26,44,23,14,0,6,355,1
11,22,42,10,10,0,1,147,0
5,21,57,24,2,0,7,12,0
5,27,62,6,7,0,1,205,0
5,28,45,22,6,1,4,95,1
6,45,25,32,5,0,0,294,0
21,29,31,32,13,0,6,31,1
38,25,0,0,3,0,3,329,0
40,7,56,10,11,0,0,2,0
335,45,11,32,10,0,5,280,1
12,10,55,10,0,0,1,316,0
330,25,23,4,5,0,3,237,0
16,13,26,16,2,0,6,328,0
103,31,26,24,13,1,3,350,0
30,6,2,0,6,1,6,22,0
112,2,9,4,10,0,1,112,0
86,5,28,9,3,0,6,252,0
101,20,18,21,9,1,4,306,0
786,43,7,22,3,0,5,81,0
673,30,47,6,0,1,0,220,0
21,4,18,9,7,0,5,71,0
510,26,9,16,9,0,5,150,0
35,9,6,4,11,1,7,257,0
13,41,58,13,11,0,2,106,1
79,33,18,27,10,0,5,244,0
941,0,4,5,14,1,4,61,0
390,16,28,8,8,0,0,319,0
40,12,20,6,2,0,5,177,0
36,26,29,4,6,0,0,131,0
176,39,35,12,2,0,4,255,1
6,24,32,2,10,1,1,104,0
26,26,34,27,2,1,0,283,1
56,17,25,18,13,0,2,13,0
206,43,45,19,0,0,7,167,0
19,26,15,18,8,0,6,334,0
39,8,33,5,6,1,7,318,0
82,24,35,25,12,0,6,68,0
854,17,37,15,1,1,3,338,0
29,36,33,5,6,1,5,123,0
9,4,14,0,14,0,4,287,0
13,17,45,7,8,1,0,271,0
107,24,63,1,12,1,2,108,1
351,5,49,10,12,0,5,61,0
17,13,52,17,7,0,4,290,0
7,20,68,3,11,1,6,286,1
93,40,64,23,8,1,5,314,1
872,12,65,16,14,1,1,342,0
125,23,5,19,5,0,3,104,0
4,5,44,7,12,0,2,243,0
44,38,15,17,11,0,6,331,0
367,27,59,6,7,0,1,323,1
36,10,49,11,3,0,4,105,0
109,21,54,3,3,0,7,262,0
67,2,56,7,4,0,5,219,0
94,44,31,10,1,1,4,211,1
10,8,12,5,5,1,2,80,0
40,3,1,5,3,1,5,245,0
405,15,10,2,7,0,5,180,0
7,4,32,4,9,1,7,247,0
68,44,22,9,6,1,7,206,0
18,28,34,25,14,0,5,68,0
11,2,65,1,9,0,2,75,0
728,8,43,0,14,0,7,87,0
10,6,4,5,4,1,6,115,0
413,34,34,26,7,0,5,167,1
15,45,0,4,3,1,3,260,0
1193,16,28,1,3,0,5,342,0
283,22,49,19,9,0,5,285,1
22,39,34,19,6,0,5,122,0
762,43,41,21,10,0,6,173,0
8,22,38,14,12,0,7,102,0
16,6,58,2,14,0,1,57,0
6,1,54,4,4,0,3,147,0
5,12,54,8,10,0,6,347,0
47,42,39,35,14,1,3,24,1
4,16,54,14,2,1,7,284,0
699,42,10,21,13,0,1,69,0
21,32,28,16,9,1,7,11,0
10,3,36,0,7,1,6,103,0
12,12,14,7,5,0,5,178,0
16,33,25,12,13,0,3,111,0
6,17,12,17,7,0,4,231,0
17,31,33,17,9,0,7,106,0
123,15,49,13,3,0,6,78,0
536,20,67,20,13,0,2,195,1
16,43,40,16,13,1,4,259,1
689,4,65,1,2,1,1,190,0
316,20,17,9,1,0,4,167,0
57,33,50,20,11,0,0,363,0
289,20,9,16,3,0,2,343,0
8,11,55,9,12,0,1,313,0
4,31,59,0,10,0,5,138,0
15,6,45,10,10,0,2,194,0
63,41,54,27,3,0,6,291,1
22,34,70,14,5,0,0,45,1
216,26,17,5,12,0,5,198,0
16,18,67,16,9,0,0,221,1
874,42,35,6,8,0,1,70,0
514,2,61,4,1,0,7,42,0
178,25,3,23,8,0,3,188,0
4,22,65,13,13,0,0,61,1
3,43,40,35,6,0,5,263,1
13,8,2,10,14,0,6,231,0
79,41,70,22,0,0,0,22,1
57,33,63,19,10,0,5,347,1
156,24,34,4,6,1,1,148,0
312,30,57,29,3,0,0,145,1
407,35,23,31,13,0,2,117,0
234,21,44,12,6,1,0,359,1
840,15,63,17,1,0,4,106,0
831,28,4,1,4,0,6,97,0
24,31,39,15,12,0,7,218,0
21,21,52,20,6,0,0,71,0
91,16,56,17,13,0,4,339,1
5,23,32,12,5,1,7,308,0
9,4,42,0,6,1,7,166,0
16,6,56,7,7,0,3,259,0
19,1,68,0,12,0,5,2,0
12,17,1,7,6,0,6,250,0
48,13,4,7,10,0,6,61,0
976,26,59,4,2,0,2,194,0
210,1,19,1,3,0,0,3,0
78,37,68,27,11,0,5,308,1
47,21,37,19,0,1,5,350,0
50,4,25,8,5,0,7,62,0
9,35,28,11,11,0,4,148,1
126,45,37,0,3,0,5,335,0
28,20,40,6,13,0,4,328,0
354,32,44,19,14,1,0,241,1
5,40,18,29,8,0,2,133,0
31,12,44,0,8,1,4,86,0
10,40,30,32,2,0,1,107,0
278,43,24,12,3,0,7,336,0
902,14,44,19,7,0,5,265,0
52,39,37,26,6,0,6,39,0
744,40,27,19,12,0,4,349,0
950,3,50,6,3,0,4,67,0
145,29,3,30,12,1,2,3,1
4,1,59,5,5,1,6,284,0
595,8,68,8,6,0,3,44,0
85,37,15,19,7,0,3,74,0
99,6,21,10,9,0,2,276,0
9,37,1,18,2,0,4,52,0
554,41,22,25,13,0,1,82,1
5,16,19,18,10,0,1,31,0
556,20,30,2,10,0,0,292,0
31,3,29,6,9,0,3,141,0
5,16,44,4,5,0,0,340,0
195,24,18,20,5,0,5,266,0
328,13,31,9,5,0,5,103,0
15,18,26,10,4,1,4,144,0
6,7,49,0,8,0,7,122,0
744,0,63,5,8,0,3,83,0
9,1,47,0,3,0,1,334,0
1121,21,53,16,6,0,3,332,0
217,13,60,18,13,1,1,258,1
270,20,54,7,13,1,6,138,0
663,1,5,0,7,1,2,220,0
949,8,21,7,0,0,7,177,0
22,10,19,8,8,0,1,332,0
107,26,68,15,2,0,4,254,1
679,8,4,13,5,0,0,106,0
8,39,21,5,8,0,5,352,0
24,26,7,31,5,0,3,165,0
1057,12,38,11,11,0,7,221,0
378,15,1,6,9,0,5,78,0
77,14,66,3,13,0,6,174,0
534,18,45,15,4,1,0,330,0
52,1,37,4,0,0,7,150,0
223,43,3,25,1,0,6,229,0
430,0,13,5,11,0,1,227,0
66,16,44,18,9,0,4,25,0
21,0,69,3,7,0,5,227,0
145,40,56,3,12,0,0,350,1
5,25,68,26,1,0,1,162,1
346,36,48,31,13,1,6,353,1
64,13,11,4,4,0,1,343,0
70,28,24,31,6,1,2,303,0
1029,7,20,5,11,1,7,255,0
4,37,52,33,0,0,4,35,1
16,42,18,22,8,1,3,240,1
872,33,31,12,9,1,4,270,0
12,43,36,15,2,0,3,280,0
52,20,17,19,13,0,2,365,0
384,14,70,8,9,1,2,145,0
1015,42,4,30,0,1,5,49,0
159,29,7,23,2,0,3,214,0
299,21,62,11,3,1,0,1,1
63,44,52,32,12,1,4,81,1
383,43,5,9,3,0,6,302,0
33,31,12,19,8,1,4,276,0
14,27,44,30,9,0,2,165,1
19,11,67,12,13,0,4,330,0
259,13,42,8,8,1,0,229,0
4,25,24,27,4,0,0,304,0
19,27,53,31,0,1,2,137,1
588,40,1,25,12,0,2,166,1
72,3,63,6,1,0,7,95,0
773,7,51,2,11,0,4,84,0
72,35,48,9,2,0,3,46,0
6,7,39,4,12,0,7,72,0
59,11,32,2,14,0,0,106,0
390,12,17,14,1,0,2,246,0
6,26,27,1,4,0,3,156,0
22,5,61,9,8,0,0,140,0
967,43,39,24,9,0,3,215,0
59,19,16,1,13,0,5,292,0
694,11,48,11,4,0,7,83,0
943,41,54,7,10,0,4,274,1
23,44,25,17,9,0,2,235,1
31,30,41,6,4,0,4,343,0
772,2,47,6,10,0,2,132,0
3,11,45,7,11,0,1,19,0
99,16,58,16,5,0,1,51,0
336,41,42,25,6,0,7,248,0
275,28,50,22,3,0,0,230,0
32,38,34,18,6,0,1,262,0
4,2,4,3,10,0,1,54,0
19,34,23,15,2,1,3,259,0
36,32,7,16,10,0,5,117,0
581,6,34,5,7,0,3,301,0
25,40,11,9,5,1,1,165,0
751,19,12,19,7,1,2,103,0
349,20,8,14,9,0,6,213,0
7,31,52,18,7,0,1,257,1
90,17,59,0,10,1,0,230,1
59,36,58,6,13,0,0,76,1
5,6,27,6,1,0,7,251,0
173,39,37,18,1,1,0,311,1
132,26,47,27,3,1,1,238,1
8,18,17,11,1,0,2,157,0
115,42,69,11,9,0,5,132,0
20,16,59,21,14,1,6,141,0
4,20,40,15,7,0,0,286,0
278,42,64,0,2,0,0,177,0
9,43,59,6,6,1,7,352,1
12,32,13,29,5,0,7,328,1
7,31,18,10,0,0,5,279,0
151,25,39,21,0,0,7,151,0
271,18,4,9,3,0,0,175,0
109,3,10,6,10,1,0,28,0
4,45,47,4,10,1,5,242,1
149,16,70,2,6,0,1,122,0
13,22,37,20,12,1,0,118,1
118,29,27,9,9,1,5,171,1
6,22,65,27,13,0,4,119,1
12,45,62,23,3,0,6,20,0
197,40,26,31,11,0,0,329,1
87,35,16,4,9,0,1,46,0
1198,11,11,4,9,1,2,252,0
11,4,57,7,13,0,5,72,0
757,24,69,12,9,0,1,198,0
201,24,27,18,8,0,7,208,0
126,33,11,0,14,0,2,103,0
118,6,12,2,0,0,5,236,0
7,2,51,4,11,1,5,254,0
905,10,40,11,3,0,6,39,0
1086,45,0,11,8,1,4,13,0
325,26,57,1,8,0,1,180,0
13,19,5,18,2,0,7,277,0
348,41,2,26,3,0,6,181,0
128,20,61,18,8,1,0,109,0
8,15,48,16,10,0,3,165,0
222,3,63,5,6,0,2,130,0
126,14,29,15,7,0,1,54,0
5,20,44,16,7,0,7,191,0
530,3,16,2,4,0,4,100,0
6,40,17,31,8,1,1,195,1
61,45,31,11,2,0,4,335,0
299,42,25,35,5,0,1,259,1
294,2,13,2,7,0,7,259,0
10,26,53,5,4,1,3,88,1
4,27,32,14,13,1,5,52,0
6,22,66,25,2,0,5,277,0
52,31,17,13,3,1,5,318,0
438,31,9,8,8,0,1,3,0
7,27,38,17,1,1,1,204,0
222,3,44,3,3,0,3,104,0
478,4,42,2,1,0,0,364,0
15,11,44,14,2,1,0,144,0
75,2,53,5,13,0,1,176,0
3,0,30,0,8,0,7,127,0
65,2,4,2,14,0,4,176,0
1136,18,5,23,7,1,1,292,0
25,6,10,4,9,1,0,33,0
53,42,63,19,13,0,4,358,1
511,7,21,0,14,0,3,260,0
165,16,64,12,4,0,3,179,0
7,36,40,29,6,1,2,105,1
5,4,63,0,14,0,0,291,0
177,42,19,7,4,0,3,152,0
16,40,67,33,1,1,0,156,1
299,38,67,35,2,1,7,309,1
392,0,50,2,1,0,3,198,0
1083,3,50,7,2,1,0,320,0
8,45,43,30,5,0,2,24,1
58,8,4,10,0,0,4,259,0
7,25,16,24,5,0,0,151,0
15,27,43,4,0,0,0,129,0
828,27,57,23,13,0,6,119,1
15,23,37,24,6,0,7,205,0
66,17,38,12,6,1,2,116,0
15,24,60,15,4,0,0,303,1
249,40,55,18,12,0,4,112,1
3,35,22,12,13,0,7,42,0
6,0,63,0,11,0,4,109,0
24,12,61,4,1,1,3,177,0
9,14,16,7,6,0,2,109,0
126,7,59,9,1,0,3,14,0
53,39,21,8,9,1,1,270,1
1005,42,61,35,6,0,5,257,1
680,31,17,27,4,0,2,74,0
347,44,53,3,5,1,2,104,1
193,21,45,9,2,0,2,112,0
1137,8,11,2,4,0,6,237,0
278,2,59,5,13,0,6,335,0
10,43,42,1,13,0,2,155,0
67,4,42,2,5,1,7,143,0
5,26,11,23,3,1,0,100,0
11,1,41,0,5,0,5,70,0
16,17,63,17,8,0,1,45,1
4,32,56,3,1,0,3,217,0
12,5,55,0,5,0,1,127,0
216,30,59,30,8,0,6,167,1
10,30,1,3,6,0,0,294,0
29,29,17,16,9,0,5,31,0
647,43,26,13,0,1,5,172,1
98,45,42,3,0,0,5,252,0
4,1,50,2,12,0,6,53,0
4,14,19,10,10,0,6,99,0
4,28,14,29,7,0,1,232,0
9,0,23,4,9,0,3,188,0
483,5,42,9,5,1,3,191,0
3,10,55,9,0,0,7,259,0
4,5,18,9,14,0,7,96,0
538,12,43,14,11,0,0,73,1
152,11,40,16,2,1,0,362,0
63,13,58,9,4,1,1,150,0
8,30,49,20,13,0,4,26,1
414,38,23,7,13,0,6,336,0
28,15,1,18,6,0,7,86,0
65,44,31,26,12,0,1,305,1
132,12,64,6,14,0,1,254,0
73,19,0,20,5,0,4,247,0
11,14,54,13,3,0,5,173,0
107,5,66,3,1,0,7,89,0
7,16,64,3,3,0,3,240,0
37,17,64,20,1,1,4,201,1
142,43,1,18,12,0,4,250,0
17,11,62,15,14,0,0,130,1
22,12,55,10,2,0,2,319,0
8,6,67,9,3,0,1,279,0
45,27,13,1,1,0,4,26,0
1003,17,37,0,0,0,3,38,0
5,37,22,15,10,0,1,322,1
4,41,14,15,13,0,1,174,1
646,31,56,27,3,1,1,208,1
17,19,43,18,14,0,5,59,0
236,37,12,31,8,1,4,342,1
311,24,5,7,14,1,3,286,0
105,20,44,9,10,0,5,132,1
857,26,40,29,11,0,1,258,1
115,43,6,17,6,0,5,264,0
41,28,30,13,12,0,5,69,0
33,19,62,5,6,1,5,237,1
136,5,66,2,0,0,5,359,0
237,30,40,31,6,0,1,210,0
1106,11,52,9,7,0,2,84,0
59,7,25,2,14,1,5,105,0
590,25,12,17,8,0,3,308,0
15,25,15,26,10,0,4,38,0
15,20,67,21,4,0,2,157,0
36,12,21,4,4,1,6,346,0
397,34,67,14,5,0,6,129,0
6,13,53,1,14,0,1,1,0
25,21,13,12,12,0,6,174,0
771,4,40,1,13,0,4,155,0
620,35,29,8,12,0,3,41,0
8,8,68,6,13,1,2,182,0
776,45,45,19,10,0,7,220,1
7,31,27,12,13,0,4,169,0
13,42,1,33,11,0,0,107,0
119,37,44,27,14,1,3,313,1
172,7,2,6,8,0,6,253,0
199,23,60,10,14,0,0,258,0
8,9,64,9,5,1,1,182,1
77,42,66,4,13,0,0,83,1
229,38,12,0,2,1,6,168,0
313,33,51,21,2,0,0,288,0
7,32,29,26,10,0,3,168,1
5,27,68,30,5,0,0,231,1
6,27,64,16,10,0,5,36,1
64,1,5,5,11,1,1,26,0
630,8,12,8,14,0,4,312,0
4,20,45,12,0,0,1,109,0
7,12,66,6,1,0,4,323,0
59,19,5,16,2,1,1,161,0
1087,41,39,29,11,0,7,299,1
6,19,15,6,2,0,2,220,0
6,5,2,6,5,0,0,94,0
5,12,32,1,12,0,6,361,0
20,30,17,0,8,0,1,178,0
487,11,64,12,9,1,4,240,1
22,7,3,11,3,0,7,198,0
8,32,66,9,4,0,2,133,0
33,30,4,34,12,1,2,265,1
200,8,68,9,8,1,4,41,0
48,5,25,9,7,0,3,220,0
712,4,51,7,13,0,5,220,0
1042,8,14,8,8,0,4,167,0
77,37,67,29,13,0,7,134,1
70,10,2,7,11,1,7,317,0
42,18,49,7,8,0,5,219,0
167,17,61,10,5,0,6,280,0
192,18,52,0,14,0,1,52,0
4,3,38,6,7,0,0,337,0
4,11,14,9,0,0,5,33,0
6,2,15,5,5,1,4,90,0
120,29,47,22,1,0,2,277,0
365,24,7,20,3,1,2,120,0
1037,41,21,14,0,0,7,46,0
10,18,42,11,2,1,7,256,0
3,28,15,32,13,0,4,228,0
81,11,6,14,1,0,0,56,0
16,13,62,2,1,1,2,141,0
15,28,24,27,2,1,0,64,1
32,24,26,11,4,0,3,80,0
24,24,48,0,3,0,0,2,0
27,27,5,12,11,0,2,249,0
76,16,31,16,3,0,6,220,0
573,32,56,6,0,0,0,254,0
570,18,46,5,6,0,2,193,0
4,44,40,10,0,0,1,86,0
48,24,60,27,1,0,1,151,0
11,37,44,5,0,1,4,187,0
41,37,28,12,4,1,1,152,1
11,11,19,16,1,0,1,215,0
240,27,6,12,10,1,7,109,0
441,7,24,9,11,0,1,147,0
555,34,26,11,14,0,5,359,0
6,27,28,13,10,0,6,144,0
93,23,45,18,2,0,5,185,0
170,41,45,4,10,0,7,91,0
119,19,45,23,7,0,7,137,0
166,14,28,8,6,0,0,303,0
194,11,53,8,4,0,7,286,0
42,24,27,25,12,0,6,138,0
109,44,52,17,13,1,7,265,1
28,14,63,10,11,0,0,310,0
29,23,61,23,12,0,4,64,0
4,0,57,1,4,0,3,362,0
446,43,9,31,14,0,4,338,1
815,45,13,30,10,0,5,58,0
7,35,50,13,5,0,7,293,0
20,5,21,9,5,0,5,362,0
115,26,54,10,11,0,5,98,0
29,41,5,1,0,1,0,218,0
34,27,58,31,13,1,5,137,1
6,28,52,29,8,0,0,362,0
24,44,65,23,11,0,2,257,1
228,36,2,19,1,1,5,21,0
329,2,7,6,5,0,4,313,0
5,4,21,5,14,0,5,44,0
101,29,47,24,11,0,0,4,1
6,22,22,16,1,0,5,172,0
109,39,11,29,4,1,5,7,0
40,18,23,4,1,0,0,359,0
21,6,61,7,6,1,6,318,0
5,37,58,15,2,1,7,158,1
3,29,17,32,4,0,3,40,0
6,25,57,16,3,1,1,129,0
10,4,62,7,4,0,5,300,0
9,22,38,18,13,1,1,306,1
56,45,12,22,4,0,6,55,0
37,38,39,23,3,1,6,184,1
550,0,47,1,11,1,3,175,0
51,30,7,15,2,1,6,155,0
4,39,24,21,0,0,4,206,0
169,26,7,0,13,0,1,356,0
9,12,65,12,12,1,3,264,1
29,38,62,1,0,0,5,141,0
58,8,62,5,10,0,5,19,0
508,44,23,16,13,1,6,353,0
276,12,16,13,11,1,2,334,0
1074,6,42,5,11,0,7,92,0
333,42,32,8,2,0,7,222,0
235,21,64,16,6,0,1,181,1
13,20,47,10,11,0,0,364,0
5,12,19,16,4,0,5,112,0
5,20,6,11,13,1,5,193,0
6,23,59,20,7,0,4,364,1
554,1,26,6,13,0,1,194,0
39,22,68,23,2,0,4,349,1
274,23,20,4,1,0,5,274,0
666,29,13,6,8,0,0,9,0
605,15,33,9,2,0,6,46,0
8,10,38,15,6,1,7,256,0
9,2,31,2,14,0,7,219,0
54,27,2,30,7,0,3,157,1
28,12,62,12,2,0,0,141,0
1117,29,24,18,13,0,5,210,0
226,26,37,24,14,1,3,104,1
16,1,51,3,5,0,7,285,0
242,11,7,8,5,0,5,353,0
36,8,23,13,1,0,4,267,0
111,30,8,13,12,0,0,179,0
1011,34,54,11,11,0,5,251,1
15,9,7,1,6,0,1,206,0
859,24,28,10,10,0,0,284,0
37,35,11,22,10,0,7,293,0
41,40,34,6,8,0,4,291,0
1007,25,58,23,3,0,5,161,0
3,3,3,2,10,1,7,292,0
191,19,23,2,7,1,0,248,0
98,16,55,14,5,0,7,342,1
10,22,25,12,9,1,1,319,0
284,8,34,12,11,0,0,20,0
669,23,17,20,12,0,1,292,0
112,25,34,14,10,0,4,59,0
107,10,14,14,6,0,3,260,0
39,41,51,27,12,0,3,137,1
543,1,69,1,14,0,6,296,1
4,37,0,17,7,1,1,322,0
9,28,46,18,5,0,5,131,0
220,23,23,19,2,1,4,175,0
160,21,18,6,1,0,7,223,0
203,29,21,19,8,0,5,31,0
6,2,14,0,13,0,5,97,0
212,6,40,3,9,1,0,73,0
76,25,41,16,14,1,7,145,1
21,39,63,32,9,1,0,80,1
316,41,14,23,10,1,4,132,1
20,0,50,5,8,1,3,117,0
40,3,25,3,14,1,7,83,0
683,45,62,34,4,0,0,303,1
5,2,69,4,2,1,6,16,0
72,6,60,9,4,0,4,249,0
16,39,17,24,8,1,6,243,0
11,20,57,10,1,0,1,186,0
94,9,12,2,6,1,6,222,0
497,45,34,21,13,0,5,162,0
61,20,11,18,9,0,7,301,0
896,31,21,24,6,0,0,233,1
834,19,39,20,9,0,1,343,0
23,44,36,26,2,0,7,43,0
347,16,7,2,8,0,0,265,0
19,10,18,8,5,1,1,55,0
34,24,36,19,0,0,7,123,0
19,6,55,2,0,0,2,94,0
13,26,36,15,4,0,0,252,0
4,27,18,15,9,0,7,128,0
4,45,5,3,13,1,1,184,1
388,29,60,15,10,0,7,346,1
762,30,41,0,9,1,7,282,0
567,43,55,28,0,0,4,78,0
7,14,58,1,14,0,1,199,0
31,16,61,8,3,0,1,221,1
27,43,37,1,7,1,6,87,1
7,17,28,9,2,0,3,21,0
5,34,44,16,7,0,4,342,1
361,44,54,27,1,1,3,120,1
1136,7,56,11,0,1,4,44,0
9,45,40,15,3,1,3,49,0
9,45,54,34,13,1,0,27,1
21,42,59,17,0,0,5,33,0
358,4,17,3,2,0,7,205,0
8,10,39,9,5,0,2,163,0
38,3,15,4,11,1,2,136,0
4,9,22,8,9,1,1,125,0
18,38,29,30,11,0,2,166,0
74,29,52,6,0,0,3,340,0
136,8,37,0,14,0,0,312,0
91,32,65,14,2,0,7,336,0
1006,42,8,33,12,0,4,199,1
632,20,12,1,5,0,5,329,0
49,9,17,14,8,1,6,349,0
594,31,22,16,5,0,4,363,1
26,1,18,2,2,1,4,115,0
37,16,49,1,1,0,2,44,0
10,29,10,0,2,0,0,146,0
735,32,44,1,12,0,2,187,1
68,27,26,15,7,1,1,232,0
24,33,1,10,7,1,7,31,1
576,26,69,4,5,0,2,200,0
342,27,52,32,12,0,0,100,1
593,22,25,5,12,0,2,58,0
51,35,53,7,3,0,4,223,0
121,20,70,24,14,0,4,338,1
130,40,3,35,13,0,4,362,0
6,3,17,0,13,0,5,259,0
963,40,43,12,9,0,6,191,0
16,36,18,26,8,1,1,365,1
6,6,26,1,14,0,3,54,0
503,2,70,1,2,1,4,85,0
798,10,33,6,5,0,7,254,0
71,30,15,27,14,0,7,75,0
78,24,30,12,8,0,1,110,0
924,10,24,4,10,1,1,164,0
22,20,10,7,4,1,1,115,0
29,2,56,2,11,1,3,212,0
118,10,47,12,13,0,1,348,0
12,20,56,4,5,1,0,350,0
681,42,1,28,2,0,1,275,0
242,13,70,5,10,0,5,232,0
760,36,67,18,13,1,4,6,1
367,1,25,6,8,0,2,33,0
12,44,11,26,8,1,6,120,1
35,19,68,6,8,0,5,12,0
77,10,70,10,3,0,7,122,0
813,0,39,1,10,1,3,326,0
15,27,0,24,5,0,4,266,0
548,29,11,34,7,0,6,315,0
159,10,67,14,13,0,7,7,1
3,32,45,32,2,0,6,188,0
46,36,10,21,10,0,4,251,0
126,20,67,22,10,0,0,62,1
303,2,50,7,11,1,4,341,0
22,17,35,13,7,0,7,33,0
702,36,11,27,7,0,1,142,0
5,26,39,5,2,0,7,167,0
542,21,20,25,13,0,2,283,0
82,33,34,31,5,1,3,332,0
15,0,56,2,8,0,4,29,0
9,21,18,25,14,0,5,82,0
25,29,9,14,6,0,4,120,0
20,31,9,28,0,0,1,214,0
4,1,26,5,3,0,7,25,0
364,38,34,15,0,0,5,292,0
59,30,21,8,8,0,7,307,0
54,17,27,2,2,0,3,124,0
19,43,66,7,5,0,4,183,1
223,19,23,22,9,0,0,275,0
10,1,19,5,9,0,0,85,0
222,28,17,8,13,0,4,175,0
271,2,9,4,2,0,6,361,0
297,38,58,9,1,0,6,322,0
78,37,40,23,2,0,3,341,1
510,36,40,35,0,1,7,303,1
12,30,61,11,2,1,6,98,0
9,27,48,2,14,1,6,96,1
267,38,53,22,1,1,6,257,1
523,23,16,13,10,0,7,94,0
453,21,33,22,9,0,1,46,0
139,19,36,7,10,0,7,196,0
483,44,6,11,1,0,0,22,0
26,22,65,17,3,0,1,193,0
605,13,24,6,13,0,1,297,0
121,26,24,24,3,0,4,28,0
95,13,44,15,3,0,1,352,0
4,9,42,14,2,1,3,342,0
37,23,52,5,8,0,6,337,0
104,38,39,34,0,0,0,79,1
395,9,49,7,1,0,7,57,0
271,12,11,16,13,0,1,316,0
289,18,12,8,2,1,1,103,0
51,35,16,14,0,1,1,195,0
43,34,67,29,13,0,0,177,1
212,39,60,6,11,0,1,331,1
115,23,65,17,10,0,0,141,1
95,1,36,2,2,1,1,285,0
35,34,12,24,10,1,4,318,0
54,40,23,26,0,0,1,322,0
4,35,3,34,10,1,3,185,1
14,37,4,22,2,1,7,4,0
327,42,34,31,9,0,0,144,1
81,2,15,4,9,1,6,117,0
308,25,29,12,0,1,3,213,0
5,27,45,1,6,0,0,349,0
608,23,68,4,12,0,1,4,0
18,17,44,13,13,0,4,193,0
276,10,15,11,9,1,6,305,0
386,42,32,10,8,0,1,126,1
876,14,20,7,3,0,7,271,0
197,17,69,2,12,0,1,163,0
610,21,6,11,10,0,3,97,0
10,38,25,21,4,1,7,29,0
78,15,55,19,13,0,4,73,0
5,23,49,12,5,0,6,280,0
202,36,19,34,14,0,3,289,1
7,5,9,8,0,1,1,114,0
211,41,46,22,13,0,4,202,1
768,34,13,35,13,0,4,246,0
372,3,41,0,2,1,3,91,0
13,42,51,13,1,0,5,312,0
7,25,26,27,2,1,6,60,0
3,6,57,1,5,0,3,78,0
29,0,1,0,5,1,5,171,0
176,20,54,0,0,0,3,9,0
123,6,26,6,0,0,1,153,0
9,45,52,5,11,0,0,349,1
362,42,35,10,5,0,1,173,0
6,12,6,0,8,0,4,9,0
91,9,29,9,4,0,7,61,0
393,21,33,14,0,0,4,181,0
68,21,52,14,7,0,0,131,0
4,18,18,4,6,0,1,189,0
174,12,68,10,1,0,6,329,0
7,5,20,3,6,0,5,246,0
146,11,15,0,14,1,6,351,0
294,25,8,28,9,0,1,28,0
735,18,0,8,1,0,3,98,0
264,4,19,8,10,0,5,281,0
163,7,11,8,0,0,1,252,0
44,6,45,9,2,1,0,45,0
6,24,54,27,5,0,1,237,0
20,9,57,1,7,1,6,105,0
480,40,13,15,1,1,1,316,1
20,43,63,19,8,1,0,29,1
378,20,30,22,5,0,5,228,0
293,25,28,14,13,0,4,362,0
695,34,64,10,4,0,3,292,0
93,25,60,12,2,0,1,92,0
14,12,39,8,13,0,0,275,0
425,38,12,25,6,1,6,342,0
181,40,42,4,0,1,7,300,0
6,14,62,17,12,0,6,257,0
9,8,14,13,6,0,0,109,0
931,35,36,20,7,1,1,171,0
67,28,64,18,5,1,6,200,1
108,13,70,15,1,0,2,153,0
997,38,16,26,8,1,3,63,0
6,13,48,17,1,0,6,170,0
7,8,67,11,6,0,7,336,0
6,9,7,2,5,1,6,354,0
597,29,34,27,5,0,3,325,0
636,9,19,4,4,1,5,123,0
9,11,56,3,3,0,7,238,0
28,23,51,20,5,0,3,227,0
48,33,54,16,10,0,2,11,1
7,43,15,30,10,0,7,53,1
217,7,40,12,6,0,5,150,0
51,20,9,23,8,0,7,70,0
1139,12,33,12,7,1,0,332,0
13,43,21,15,14,0,1,311,1
277,42,36,9,10,0,7,50,0
293,18,12,13,12,1,1,345,0
675,33,5,35,13,0,1,323,0
37,25,39,13,11,1,1,30,1
225,7,53,12,4,0,6,2,0
5,32,39,34,12,0,4,325,1
1147,12,62,8,4,1,5,339,0
22,42,42,31,10,0,5,81,1
375,10,47,5,9,0,4,342,0
224,2,39,0,10,0,0,226,0
317,12,68,9,10,0,3,231,0
117,10,36,3,5,0,4,128,0
41,19,4,19,1,0,6,258,0
134,18,60,8,6,1,6,262,0
746,44,0,11,4,0,7,49,0
346,37,67,1,9,0,6,49,0
4,23,34,0,4,0,4,119,0
1023,37,66,25,12,0,0,157,1
454,39,22,24,2,0,2,217,1
55,17,37,6,10,1,7,34,0
173,19,7,17,3,1,4,244,1
23,9,30,4,1,1,6,24,0
1057,25,46,25,2,1,4,23,0
6,15,52,14,12,0,1,94,0
134,24,30,4,7,0,5,254,0
79,11,62,10,14,1,7,232,1
634,31,8,22,13,0,5,12,0
53,26,52,13,6,0,5,242,0
332,42,25,23,11,0,2,4,1
16,30,19,14,1,0,6,111,0
7,25,64,12,6,0,6,187,0
33,8,44,0,5,1,1,65,0
27,30,18,4,5,1,6,344,0
500,42,18,5,12,0,1,292,1
166,29,27,26,1,0,4,99,0
16,14,62,16,13,0,2,91,1
6,32,12,6,4,1,4,73,1
348,8,16,2,9,0,7,299,0
6,17,6,7,11,1,6,160,0
197,39,46,28,1,0,4,236,0
5,33,3,9,4,1,2,8,0
599,10,49,3,6,0,7,6,0
179,38,8,3,11,1,7,283,0
93,17,15,18,2,1,3,118,0
50,14,23,8,13,1,2,305,0
10,28,3,32,12,0,0,127,0
1157,18,51,16,0,0,7,239,0
384,14,20,14,4,0,5,312,0
32,19,57,12,2,1,3,133,1
460,39,31,29,6,0,4,99,1
71,33,15,13,11,0,5,158,0
8,25,10,6,0,0,5,28,0
39,44,18,28,12,0,3,270,1
8,16,48,18,12,0,7,134,0
9,17,26,10,0,0,7,276,0
722,20,32,2,3,0,5,35,0
4,35,48,14,12,1,4,123,1
947,22,70,2,1,0,7,335,0
29,41,50,9,9,0,7,248,0
8,9,58,4,6,0,6,200,1
642,27,54,27,12,1,5,191,1
14,10,45,11,5,1,6,23,0
27,40,7,6,8,1,0,210,0
14,32,42,1,2,0,0,317,0
12,21,56,26,13,0,1,301,1
883,30,15,21,8,1,5,95,0
3,19,43,5,14,0,0,346,1
9,37,15,12,14,1,4,241,0
65,31,59,29,2,0,4,317,0
367,7,60,9,7,1,5,68,0
255,35,58,26,9,0,1,287,1
4,43,47,6,13,1,0,329,1
173,22,11,20,14,0,3,210,0
28,41,47,6,8,1,2,214,1
708,6,1,6,5,0,2,251,0
17,23,24,21,0,0,2,138,0
108,27,70,10,14,0,3,156,1
307,3,5,8,10,0,6,340,0
127,12,49,9,1,0,0,31,0
477,15,9,4,6,0,5,16,0
43,41,48,35,2,0,1,224,1
33,33,45,12,11,1,5,231,0
570,6,7,0,5,0,4,259,0
8,17,30,21,11,0,2,97,0
923,24,60,5,3,0,7,193,0
13,27,18,32,10,0,4,321,0
248,18,42,23,0,0,7,178,0
17,34,46,17,9,1,5,280,0
47,34,53,18,2,0,6,189,0
281,6,22,5,12,1,0,330,0
451,10,44,14,2,0,5,339,0
41,16,56,5,7,0,7,255,0
52,27,5,25,4,0,1,323,0
341,5,66,10,4,1,3,256,0
136,26,5,15,2,0,4,293,0
61,33,47,0,6,0,0,211,0
20,22,29,6,0,0,5,137,0
50,23,34,25,0,0,6,44,0
889,1,32,5,7,0,3,365,0
12,40,48,1,9,0,1,62,1
295,32,26,0,1,0,0,335,0
15,19,49,21,0,0,5,110,0
289,29,46,4,11,0,3,272,0
795,6,9,0,0,1,5,159,0
586,11,16,9,10,1,6,82,0
91,9,56,2,12,0,7,301,0
24,7,22,0,1,1,5,161,0
1081,13,36,5,7,0,5,204,0
42,4,28,7,11,1,1,170,0
3,15,45,17,2,0,1,282,0
9,27,51,11,7,0,4,53,0
7,32,43,3,14,0,7,35,0
22,14,60,18,7,0,1,210,0
28,37,13,3,13,1,7,67,0
215,0,64,3,4,0,7,315,0
638,12,50,3,9,0,6,234,0
36,32,48,13,6,0,1,212,0
10,29,64,17,2,1,3,106,1
4,11,3,8,4,0,7,53,0
456,10,30,15,1,0,1,182,0
334,44,61,8,5,0,5,306,0
27,40,0,22,10,1,7,76,1
60,0,24,5,6,0,5,58,0
25,16,14,17,12,0,2,190,0
310,37,36,35,3,0,4,358,1
21,15,56,2,5,0,5,165,0
255,33,60,23,0,0,1,355,1
903,8,47,4,10,1,7,343,0
183,6,45,2,8,0,1,304,0
507,36,39,10,8,0,3,7,0
6,28,26,20,7,0,6,216,0
732,41,1,35,11,0,5,286,0
64,32,47,7,8,0,3,176,0
25,18,47,3,14,0,4,225,0
358,0,67,3,5,0,2,135,0
40,6,14,6,5,1,7,299,0
13,41,14,20,7,1,4,159,1
150,40,70,29,11,1,4,223,1
354,39,30,6,8,0,5,68,0
133,28,69,8,5,1,1,147,0
18,42,49,17,12,0,5,150,1
22,29,48,21,12,0,3,51,1
108,33,41,24,8,0,1,212,1
60,3,55,4,14,1,1,19,0
171,40,61,33,14,0,3,246,1
205,38,22,31,12,1,4,213,1
7,32,43,6,10,0,0,98,0
197,1,30,3,1,0,2,44,0
16,42,25,35,3,0,7,224,0
197,27,2,13,2,0,1,173,0
197,4,59,6,6,0,0,29,0
480,0,25,4,8,0,5,307,0
821,22,46,4,2,0,3,114,0
59,7,69,5,11,0,1,218,0
14,32,4,35,1,0,6,196,0
4,1,15,4,11,0,7,191,0
757,24,12,24,12,0,0,303,1
7,31,36,19,3,0,1,262,0
50,1,44,0,14,0,1,41,0
409,7,12,0,11,0,2,199,0
174,7,39,7,10,0,3,59,0
34,21,7,15,12,0,0,97,0
28,34,40,6,1,1,1,357,0
5,11,35,0,13,1,4,26,0
60,38,13,27,10,0,6,47,1
156,19,20,23,3,0,1,110,0
193,39,41,17,4,1,4,317,1
148,42,4,15,11,0,3,193,1
37,43,33,31,5,0,4,104,0
564,44,12,22,13,0,0,19,1
107,14,15,8,7,0,4,11,0
50,16,53,12,4,1,4,44,0
726,16,0,15,7,0,5,344,0
110,45,38,33,2,0,5,35,0
3,5,56,10,8,0,5,217,0
16,23,65,27,5,1,3,159,1
16,41,7,1,5,0,6,186,0
242,24,52,10,12,0,6,320,0
363,19,51,15,5,1,2,345,0
7,14,60,4,9,1,2,292,0
875,45,66,14,13,0,0,198,1
10,37,27,16,9,1,2,341,1
16,28,37,12,4,1,6,239,0
140,28,37,1,5,0,0,317,1
1121,0,50,2,7,0,2,143,0
38,20,70,8,9,0,4,258,0
3,4,51,5,12,0,7,144,0
157,7,21,4,9,1,5,105,0
5,1,27,3,11,0,3,245,0
89,8,68,2,13,1,4,70,0
80,40,44,18,13,0,0,238,1
720,18,38,1,8,0,3,354,1
468,25,63,24,7,1,7,242,1
112,44,6,8,3,1,0,73,0
46,37,56,4,13,1,1,81,1
173,25,15,9,6,0,0,351,0
14,12,67,1,8,1,1,314,0
514,37,2,31,1,0,7,232,0
95,16,38,1,4,0,0,332,0
120,2,30,3,5,0,3,282,0
32,32,39,16,4,1,4,215,1
639,37,58,12,4,0,1,299,0
31,0,17,0,5,0,6,275,0
586,5,7,9,4,1,2,233,0
26,16,62,2,13,0,3,35,1
1080,44,19,14,12,0,6,362,0
12,32,37,15,13,0,4,289,1
15,42,33,9,14,1,3,323,1
4,26,48,30,13,0,4,112,0
50,30,30,23,2,0,7,168,0
161,23,52,11,2,0,0,363,0
141,38,68,12,13,1,3,316,1
6,14,5,8,13,0,6,184,0
5,32,36,25,2,0,4,210,0
773,42,69,21,5,0,4,1,1
16,29,14,25,0,0,4,199,0
673,37,12,32,12,0,7,267,0
5,6,69,7,8,0,4,187,0
6,1,10,3,6,0,2,24,0
73,37,64,1,8,0,6,105,1
511,34,11,22,14,0,7,120,0
64,26,38,30,3,0,1,82,0
55,18,56,14,1,0,4,338,0
64,17,21,16,6,0,2,235,0
581,43,68,25,6,0,6,337,1
896,6,34,11,14,0,2,364,0
562,20,20,22,11,0,7,320,0
10,14,55,9,6,0,7,78,0
12,26,38,15,7,0,6,335,0
186,45,21,0,3,0,7,164,0
105,34,39,35,10,0,4,304,1
17,22,59,2,14,0,6,263,0
43,43,44,33,6,1,4,90,1
49,35,15,23,4,0,0,271,0
271,36,36,33,3,0,5,359,0
27,16,47,11,12,0,1,119,0
502,38,2,28,12,0,5,321,0
25,30,58,34,5,0,4,128,1
198,34,62,18,3,0,3,183,0
551,21,2,20,9,0,2,208,0
68,23,34,14,4,0,6,93,0
265,4,31,4,12,0,3,184,0
92,41,43,31,11,0,0,188,1
17,33,48,10,7,1,2,86,1
464,39,55,18,10,1,2,79,1
7,24,7,5,5,0,3,4,0
748,12,53,5,4,0,7,282,0
18,7,12,3,13,0,4,187,0
10,22,19,5,5,0,2,50,0
102,4,38,4,7,1,2,70,0
4,14,20,19,4,1,2,163,0
1071,36,30,27,2,0,5,90,0
354,44,2,24,9,0,0,187,1
80,5,22,9,4,0,4,259,0
166,6,59,0,4,0,2,107,0
21,14,10,7,0,0,0,282,0
322,5,27,3,12,0,5,249,0
44,1,20,4,2,0,6,13,0
27,1,62,6,3,1,6,124,0
5,41,70,34,2,0,0,1,1
89,6,26,1,0,0,3,205,0
193,31,32,27,12,1,0,132,1
25,26,24,21,3,0,0,354,0
822,38,58,0,9,0,3,238,0
5,39,5,33,3,0,4,350,0
593,23,58,28,14,0,0,72,0
117,8,5,11,8,0,6,11,0
7,8,23,4,13,0,6,34,0
453,25,25,2,7,0,3,239,0
4,33,25,17,3,0,5,307,0
548,7,11,11,6,0,4,274,0
5,17,8,20,10,0,7,54,0
467,37,40,17,11,0,5,241,1
212,13,44,14,2,1,7,7,0
65,39,67,32,4,0,5,299,1
67,23,47,23,2,0,0,129,0
123,33,69,20,9,1,5,242,1
276,27,51,19,7,0,2,305,1
42,43,22,13,7,0,3,86,0
54,25,21,20,9,0,6,358,0
23,5,51,10,12,1,5,216,0
21,0,35,0,7,0,2,347,0
5,37,22,34,0,0,7,215,0
45,19,43,10,8,1,4,129,1
160,34,42,19,13,1,5,10,1
384,11,55,9,5,0,0,307,0
6,21,17,13,10,1,3,359,0
34,42,5,25,4,0,1,35,0
736,36,3,15,7,1,0,319,1
73,37,38,1,10,0,2,68,0
174,41,18,30,13,1,7,92,1
7,37,49,12,9,0,2,250,0
4,29,68,24,8,0,7,71,1
352,31,31,3,12,1,4,323,0
9,27,25,28,5,0,4,204,0
145,40,0,2,8,0,0,338,0
211,41,70,1,11,0,5,179,1
6,41,24,15,10,0,1,122,0
428,0,26,2,4,0,4,89,0
4,23,10,14,9,0,4,142,0
20,9,6,3,12,0,7,176,0
7,12,52,14,1,1,0,152,0
9,39,30,1,0,0,1,2,0
24,34,34,26,9,1,4,11,1
3,26,22,1,9,0,5,169,0
34,7,45,7,8,0,7,23,0
444,40,34,35,5,0,5,170,1
119,24,30,10,0,0,3,17,0
694,2,9,7,0,0,4,37,0
8,25,16,13,8,0,1,223,0
695,4,53,3,9,0,3,90,0
17,22,32,14,3,1,3,283,0
63,15,36,16,2,0,6,340,0
15,43,20,26,1,0,4,313,0
25,39,40,32,1,0,7,210,0
7,45,27,6,6,1,1,303,1
6,42,17,12,0,0,3,146,0
1149,18,51,23,11,1,1,112,1
24,45,27,18,4,1,0,53,1
16,14,46,16,3,0,1,123,0
22,38,3,21,6,0,5,39,0
45,17,36,15,9,0,6,300,0
66,15,41,1,10,0,0,16,0
959,15,37,14,1,0,7,78,0
788,1,34,1,13,0,4,311,0
52,21,5,9,13,0,3,243,0
18,1,47,2,1,0,3,334,0
60,25,42,20,13,0,6,236,1
61,24,5,5,3,0,4,135,0
4,7,16,6,12,1,0,202,0
293,18,7,15,2,0,7,59,0
97,28,6,33,14,0,2,238,1
4,24,35,0,6,0,1,39,0
6,23,58,22,11,0,1,278,0
686,4,41,9,0,0,2,119,0
131,22,62,10,3,0,2,215,0
5,1,37,5,3,0,2,320,0
669,27,16,16,0,1,6,173,0
404,2,41,1,13,0,3,158,0
38,7,7,8,7,0,1,171,0
213,44,20,20,8,0,6,10,1
13,38,37,5,5,0,1,214,0
29,27,47,2,5,1,0,186,0
12,39,4,9,3,1,5,288,1
4,35,63,25,3,1,0,197,1
6,41,58,9,5,1,7,316,0
8,4,52,6,12,0,6,156,0
4,19,31,2,1,0,4,281,0
3,17,70,5,3,0,4,206,0
38,25,55,20,6,0,2,57,1
7,8,65,12,11,0,3,200,0
114,15,61,20,5,0,2,82,1
65,30,15,31,10,0,2,165,0
94,1,48,3,5,0,6,245,0
12,15,4,11,2,1,5,224,0
116,0,59,3,7,0,2,152,0
621,26,57,18,10,0,1,184,0
92,22,19,4,8,0,4,114,0
11,43,52,9,11,0,3,25,0
63,13,32,16,1,0,0,243,0
410,17,18,8,4,1,3,128,0
251,7,30,8,1,0,4,246,0
26,2,54,1,12,0,7,168,0
1006,10,0,0,3,0,5,2,0
10,43,50,3,10,0,5,293,0
16,15,14,16,5,0,0,22,0
3,40,14,35,6,1,1,148,1
21,36,56,13,5,1,7,174,0
43,37,55,23,5,1,7,150,1
873,1,70,0,5,0,7,207,0
153,18,42,15,12,0,3,37,0
21,4,60,9,1,0,6,95,0
742,13,5,4,3,1,4,119,0
615,27,32,6,3,0,3,328,0
8,22,64,6,4,0,5,229,0
209,15,66,14,4,0,1,103,0
275,30,8,0,7,0,0,291,0
14,24,18,5,0,0,5,83,0
21,23,23,0,12,0,0,47,0
108,6,17,3,4,0,5,356,0
172,17,0,19,1,0,4,236,0
7,26,61,15,12,0,5,144,1
1121,21,59,5,13,0,4,236,0
53,22,21,25,11,1,5,162,0
116,12,7,14,13,1,0,221,0
794,12,23,17,14,0,7,353,0
20,1,57,1,0,0,3,20,0
120,16,7,12,7,1,0,347,0
6,16,40,0,4,0,3,49,0
10,36,59,28,1,0,6,285,0
424,4,11,8,4,0,7,187,0
94,17,27,1,0,0,5,56,0
39,27,21,12,8,1,5,282,0